Feature,DiscriminativeScore
spectral_flatness_var,0.396726689420461
spectral_flatness_mean,0.375740406904558
spectral_bandwidth_mean,0.359624821780002
mfcc_4_mean,0.245741798721838
rmse_var,0.231332574609712
